{"accuracy": 0.9092420212765957, "precision": 0.9359810012325905, "recall": 0.8778244612220881, "f1": 0.9033412485380222}