{"accuracy": 0.906748670212766, "precision": 0.9159773154323515, "recall": 0.8950621662449842, "f1": 0.9023920978302926}