{"accuracy": 0.9140625, "precision": 0.9352362458105244, "recall": 0.8930299185185693, "f1": 0.9109510777794081}